customer_id,customer_name,segment,country,region,state,city,postal_code
AA-10315,Alex Avila,Consumer,United States,Central,Minnesota,Minneapolis,55407.0
AA-10375,Allen Armold,Consumer,United States,West,Arizona,Mesa,85204.0
AA-10480,Andrew Allen,Consumer,United States,South,North Carolina,Concord,28027.0
AA-10645,Anna Andreadi,Consumer,United States,East,Pennsylvania,Chester,19013.0
AB-10015,Aaron Bergman,Consumer,United States,West,Washington,Seattle,98103.0
AB-10060,Adam Bellavance,Home Office,United States,East,New York,New York City,10009.0
AB-10105,Adrian Barton,Consumer,United States,West,Arizona,Phoenix,85023.0
AB-10150,Aimee Bixby,Consumer,United States,East,New York,Long Beach,11561.0
AB-10165,Alan Barnes,Consumer,United States,West,California,Los Angeles,90036.0
AB-10255,Alejandro Ballentine,Home Office,United States,East,Ohio,Lorain,44052.0
AB-10600,Ann Blume,Corporate,United States,West,Arizona,Tucson,85705.0
AC-10420,Alyssa Crouse,Corporate,United States,West,California,San Francisco,94122.0
AC-10450,Amy Cox,Consumer,United States,Central,Minnesota,Minneapolis,55407.0
AC-10615,Ann Chong,Corporate,United States,East,New York,New York City,10009.0
AC-10660,Anna Chung,Consumer,United States,Central,Texas,Huntsville,77340.0
AD-10180,Alan Dominguez,Home Office,United States,Central,Texas,Houston,77041.0
AF-10870,Art Ferguson,Consumer,United States,Central,Texas,College Station,77840.0
AF-10885,Art Foster,Consumer,United States,South,Kentucky,Louisville,40214.0
AG-10270,Alejandro Grove,Consumer,United States,West,Utah,West Jordan,84084.0
AG-10300,Aleksandra Gannaway,Corporate,United States,West,California,Los Angeles,90049.0
AG-10330,Alex Grayson,Consumer,United States,West,California,Stockton,95207.0
AG-10390,Allen Goldenen,Consumer,United States,East,Ohio,Cincinnati,45231.0
AG-10495,Andrew Gjertsen,Corporate,United States,East,Pennsylvania,Philadelphia,19140.0
AG-10525,Andy Gerbode,Corporate,United States,South,Florida,Saint Petersburg,33710.0
AG-10675,Anna Gayman,Consumer,United States,Central,Texas,Houston,77036.0
AG-10765,Anthony Garverick,Home Office,United States,East,Pennsylvania,Philadelphia,19120.0
AG-10900,Arthur Gainer,Consumer,United States,West,Arizona,Tucson,85705.0
AH-10030,Aaron Hawkins,Corporate,United States,East,Pennsylvania,Philadelphia,19134.0
AH-10075,Adam Hart,Corporate,United States,East,New York,New York City,10011.0
AH-10120,Adrian Hane,Home Office,United States,West,Arizona,Tucson,85705.0
AH-10195,Alan Haines,Corporate,United States,South,Florida,Tamarac,33319.0
AH-10210,Alan Hwang,Consumer,United States,West,California,Brentwood,94513.0
AH-10465,Amy Hunt,Consumer,United States,East,New York,New York City,10035.0
AH-10585,Angele Hood,Consumer,United States,Central,Illinois,Chicago,60623.0
AH-10690,Anna Häberlin,Corporate,United States,East,New York,New York City,10024.0
AI-10855,Arianne Irving,Consumer,United States,East,Pennsylvania,Philadelphia,19120.0
AJ-10780,Anthony Jacobs,Corporate,United States,South,Virginia,Springfield,22153.0
AJ-10795,Anthony Johnson,Corporate,United States,South,Florida,Saint Petersburg,33710.0
AJ-10945,Ashley Jarboe,Consumer,United States,South,North Carolina,Wilmington,28403.0
AJ-10960,Astrea Jones,Consumer,United States,East,New York,Rochester,14609.0
AM-10360,Alice McCarthy,Corporate,United States,Central,Texas,Grand Prairie,75051.0
AM-10705,Anne McFarland,Consumer,United States,South,Alabama,Auburn,36830.0
AO-10810,Anthony O'Donnell,Corporate,United States,West,California,Los Angeles,90045.0
AP-10720,Anne Pryor,Home Office,United States,East,New York,New York City,10035.0
AP-10915,Arthur Prichep,Consumer,United States,South,Florida,Palm Coast,32137.0
AR-10345,Alex Russell,Corporate,United States,East,Massachusetts,Lawrence,1841.0
AR-10405,Allen Rosenblatt,Corporate,United States,East,Massachusetts,Franklin,2038.0
AR-10510,Andrew Roberts,Consumer,United States,East,Pennsylvania,Philadelphia,19134.0
AR-10540,Andy Reiter,Consumer,United States,East,New York,New York City,10024.0
AR-10570,Anemone Ratner,Consumer,United States,South,Georgia,Columbus,31907.0
AR-10825,Anthony Rawles,Corporate,United States,West,Washington,Vancouver,98661.0
AS-10045,Aaron Smayling,Corporate,United States,South,North Carolina,Jacksonville,28540.0
AS-10090,Adam Shillingsburg,Consumer,United States,South,Virginia,Charlottesville,22901.0
AS-10135,Adrian Shami,Home Office,United States,East,New York,New York City,10035.0
AS-10225,Alan Schoenberger,Corporate,United States,East,New York,New York City,10024.0
AS-10240,Alan Shonely,Consumer,United States,South,Florida,Tampa,33614.0
AS-10285,Alejandro Savely,Corporate,United States,West,California,San Francisco,94109.0
AS-10630,Ann Steele,Home Office,United States,Central,Texas,Pasadena,77506.0
AT-10435,Alyssa Tate,Home Office,United States,West,California,Los Angeles,90004.0
AT-10735,Annie Thurman,Consumer,United States,West,Washington,Seattle,98115.0
AW-10840,Anthony Witt,Consumer,United States,Central,Texas,Allen,75002.0
AW-10930,Arthur Wiediger,Home Office,United States,Central,Illinois,Aurora,60505.0
AY-10555,Andy Yotov,Corporate,United States,West,California,Oceanside,92054.0
AZ-10750,Annie Zypern,Consumer,United States,East,New York,New York City,10009.0
BB-10990,Barry Blumstein,Corporate,United States,West,California,Inglewood,90301.0
BB-11545,Brenda Bowman,Corporate,United States,Central,Texas,Houston,77070.0
BC-11125,Becky Castell,Home Office,United States,West,Arizona,Peoria,85345.0
BD-11320,Bill Donatelli,Consumer,United States,West,California,San Francisco,94110.0
BD-11500,Bradley Drucker,Consumer,United States,Central,Wisconsin,Green Bay,54302.0
BD-11560,Brendan Dodson,Home Office,United States,West,California,Fresno,93727.0
BD-11605,Brian Dahlen,Consumer,United States,East,Massachusetts,Lawrence,1841.0
BD-11620,Brian DeCherney,Consumer,United States,West,California,San Francisco,94122.0
BD-11635,Brian Derr,Consumer,United States,South,Kentucky,Bowling Green,42104.0
BD-11725,Bruce Degenhardt,Consumer,United States,South,Kentucky,Richmond,40475.0
BD-11770,Bryan Davis,Consumer,United States,Central,Texas,Houston,77070.0
BE-11335,Bill Eplett,Home Office,United States,Central,Michigan,Jackson,49201.0
BE-11410,Bobby Elias,Consumer,United States,East,Ohio,Lancaster,43130.0
BE-11455,Brad Eason,Home Office,United States,Central,Kansas,Olathe,66062.0
BF-10975,Barbara Fisher,Corporate,United States,South,North Carolina,Charlotte,28205.0
BF-11005,Barry Franz,Home Office,United States,West,California,Pasadena,91104.0
BF-11020,Barry Französisch,Corporate,United States,Central,Wisconsin,Green Bay,54302.0
BF-11080,Bart Folk,Consumer,United States,East,Maryland,Baltimore,21215.0
BF-11170,Ben Ferrer,Home Office,United States,West,California,Los Angeles,90036.0
BF-11215,Benjamin Farhat,Home Office,United States,West,New Mexico,Albuquerque,87105.0
BF-11275,Beth Fritzler,Corporate,United States,West,Arizona,Tucson,85705.0
BG-11035,Barry Gonzalez,Consumer,United States,South,Louisiana,Monroe,71203.0
BG-11695,Brooke Gillingham,Corporate,United States,East,Ohio,Cincinnati,45231.0
BG-11740,Bruce Geld,Consumer,United States,East,Pennsylvania,Philadelphia,19120.0
BH-11710,Brosina Hoffman,Consumer,United States,West,California,Los Angeles,90032.0
BK-11260,Berenike Kampe,Consumer,United States,East,New York,New York City,10035.0
BM-11140,Becky Martin,Consumer,United States,Central,Texas,San Antonio,78207.0
BM-11575,Brendan Murry,Corporate,United States,East,New York,New York City,10035.0
BM-11650,Brian Moss,Corporate,United States,East,New York,New York City,10035.0
BM-11785,Bryan Mills,Consumer,United States,East,Ohio,Columbus,43229.0
BN-11470,Brad Norvell,Corporate,United States,South,North Carolina,Cary,27511.0
BN-11515,Bradley Nguyen,Consumer,United States,West,California,Los Angeles,90049.0
BO-11350,Bill Overfelt,Corporate,United States,West,California,Los Angeles,90045.0
BO-11425,Bobby Odegard,Consumer,United States,South,Kentucky,Richmond,40475.0
BP-11050,Barry Pond,Corporate,United States,East,Rhode Island,Cranston,2920.0
BP-11095,Bart Pistole,Corporate,United States,Central,Illinois,Peoria,61604.0
BP-11155,Becky Pak,Consumer,United States,South,Georgia,Columbus,31907.0
BP-11185,Ben Peterman,Corporate,United States,West,Colorado,Arvada,80004.0
BP-11230,Benjamin Patterson,Consumer,United States,West,Washington,Spokane,99207.0
BP-11290,Beth Paige,Consumer,United States,Central,Illinois,Evanston,60201.0
BS-11365,Bill Shonely,Corporate,United States,East,New York,New York City,10011.0
BS-11380,Bill Stewart,Corporate,United States,Central,Illinois,Skokie,60076.0
BS-11590,Brendan Sweed,Corporate,United States,West,Arizona,Gilbert,85234.0
BS-11665,Brian Stugart,Consumer,United States,East,Pennsylvania,Philadelphia,19143.0
BS-11755,Bruce Stewart,Consumer,United States,West,Colorado,Denver,80219.0
BS-11800,Bryan Spruell,Home Office,United States,East,New York,New York City,10011.0
BT-11305,Beth Thompson,Home Office,United States,West,California,Costa Mesa,92627.0
BT-11395,Bill Tyler,Corporate,United States,Central,Michigan,Detroit,48227.0
BT-11440,Bobby Trafton,Consumer,United States,West,Colorado,Littleton,80122.0
BT-11485,Brad Thomas,Home Office,United States,East,Maryland,Clinton,20735.0
BT-11530,Bradley Talbott,Home Office,United States,West,California,Los Angeles,90036.0
BT-11680,Brian Thompson,Consumer,United States,East,Ohio,Newark,43055.0
BV-11245,Benjamin Venier,Corporate,United States,Central,Iowa,Des Moines,50315.0
BW-11065,Barry Weirich,Consumer,United States,South,North Carolina,Raleigh,27604.0
BW-11110,Bart Watters,Corporate,United States,Central,Wisconsin,Milwaukee,53209.0
BW-11200,Ben Wallace,Consumer,United States,South,Florida,Boynton Beach,33437.0
CA-11965,Carol Adams,Corporate,United States,South,Alabama,Hoover,35244.0
CA-12055,Cathy Armstrong,Home Office,United States,Central,Texas,Houston,77070.0
CA-12265,Christina Anderson,Consumer,United States,Central,Illinois,Chicago,60610.0
CA-12310,Christine Abelman,Corporate,United States,East,Ohio,Cincinnati,45231.0
CA-12775,Cynthia Arntzen,Consumer,United States,South,Florida,Tampa,33614.0
CB-12025,Cassandra Brandow,Consumer,United States,East,Ohio,Hamilton,45011.0
CB-12415,Christy Brittain,Consumer,United States,East,Ohio,Columbus,43229.0
CB-12535,Claudia Bergmann,Corporate,United States,South,North Carolina,Chapel Hill,27514.0
CC-12100,Chad Cunningham,Home Office,United States,Central,Indiana,Columbus,47201.0
CC-12145,Charles Crestani,Consumer,United States,West,California,Los Angeles,90004.0
CC-12220,Chris Cortes,Consumer,United States,Central,Indiana,La Porte,46350.0
CC-12370,Christopher Conant,Consumer,United States,South,North Carolina,Fayetteville,28314.0
CC-12430,Chuck Clark,Home Office,United States,Central,Indiana,Columbus,47201.0
CC-12475,Cindy Chapman,Consumer,United States,East,New York,New York City,10024.0
CC-12550,Clay Cheatham,Consumer,United States,West,California,San Francisco,94122.0
CC-12610,Corey Catlett,Corporate,United States,East,Pennsylvania,Philadelphia,19134.0
CC-12670,Craig Carreira,Consumer,United States,East,New York,New York City,10009.0
CC-12685,Craig Carroll,Consumer,United States,South,North Carolina,Greensboro,27405.0
CD-11920,Carlos Daly,Consumer,United States,West,California,Lake Elsinore,92530.0
CD-11980,Carol Darley,Consumer,United States,Central,Texas,Tyler,75701.0
CD-12280,Christina DeMoss,Consumer,United States,West,Washington,Seattle,98105.0
CD-12790,Cynthia Delaney,Home Office,United States,West,California,San Diego,92037.0
CG-12040,Catherine Glotzbach,Home Office,United States,East,Pennsylvania,Philadelphia,19120.0
CG-12520,Claire Gute,Consumer,United States,South,Kentucky,Henderson,42420.0
CH-12070,Cathy Hwang,Home Office,United States,South,North Carolina,Raleigh,27604.0
CJ-11875,Carl Jackson,Corporate,United States,East,Pennsylvania,Philadelphia,19140.0
CJ-12010,Caroline Jumper,Consumer,United States,West,California,Huntington Beach,92646.0
CK-12205,Chloris Kastensmidt,Consumer,United States,East,Pennsylvania,Philadelphia,19120.0
CK-12325,Christine Kargatis,Home Office,United States,West,Utah,Orem,84057.0
CK-12595,Clytie Kelty,Consumer,United States,East,Ohio,Grove City,43123.0
CK-12760,Cyma Kinney,Corporate,United States,East,New Jersey,Linden,7036.0
CL-11890,Carl Ludwig,Consumer,United States,East,Massachusetts,Everett,2149.0
CL-12565,Clay Ludtke,Consumer,United States,Central,Iowa,Urbandale,50322.0
CL-12700,Craig Leslie,Home Office,United States,Central,Missouri,Springfield,65807.0
CM-11815,Candace McMahon,Corporate,United States,Central,Texas,Pasadena,77506.0
CM-11935,Carlos Meador,Consumer,United States,South,North Carolina,Fayetteville,28314.0
CM-12115,Chad McGuire,Consumer,United States,East,New York,New York City,10011.0
CM-12160,Charles McCrossin,Consumer,United States,Central,Texas,Brownsville,78521.0
CM-12190,Charlotte Melton,Consumer,United States,East,Pennsylvania,Philadelphia,19134.0
CM-12235,Chris McAfee,Consumer,United States,Central,Texas,Carrollton,75007.0
CM-12385,Christopher Martinez,Consumer,United States,South,Georgia,Atlanta,30318.0
CM-12445,Chuck Magee,Consumer,United States,West,California,San Francisco,94122.0
CM-12655,Corinna Mitchell,Home Office,United States,West,California,Los Angeles,90008.0
CM-12715,Craig Molinari,Corporate,United States,Central,Texas,Huntsville,77340.0
CP-12085,Cathy Prescott,Corporate,United States,East,Connecticut,Norwich,6360.0
CP-12340,Christine Phan,Corporate,United States,East,New York,New York City,10009.0
CR-12580,Clay Rozendal,Home Office,United States,Central,Illinois,Elmhurst,60126.0
CR-12625,Corey Roper,Home Office,United States,East,New Jersey,Lakewood,8701.0
CR-12730,Craig Reiter,Consumer,United States,East,Ohio,Columbus,43229.0
CR-12820,Cyra Reiten,Home Office,United States,East,New York,New York City,10035.0
CS-11845,Cari Sayre,Corporate,United States,West,Washington,Seattle,98105.0
CS-11860,Cari Schnelling,Consumer,United States,South,North Carolina,Jacksonville,28540.0
CS-11950,Carlos Soltero,Consumer,United States,Central,Illinois,Chicago,60610.0
CS-12130,Chad Sievert,Consumer,United States,West,California,Los Angeles,90004.0
CS-12175,Charles Sheldon,Corporate,United States,South,Tennessee,Columbia,38401.0
CS-12250,Chris Selesnick,Corporate,United States,South,Louisiana,Bossier City,71111.0
CS-12355,Christine Sundaresam,Consumer,United States,South,Georgia,Roswell,30076.0
CS-12400,Christopher Schild,Home Office,United States,Central,Illinois,Chicago,60623.0
CS-12460,Chuck Sachs,Consumer,United States,South,Georgia,Columbus,31907.0
CS-12490,Cindy Schnelling,Corporate,United States,Central,Texas,Conroe,77301.0
CS-12505,Cindy Stewart,Consumer,United States,South,North Carolina,Thomasville,27360.0
CT-11995,Carol Triggs,Consumer,United States,Central,Minnesota,Rochester,55901.0
CV-12295,Christina VanderZanden,Consumer,United States,West,California,Fresno,93727.0
CV-12805,Cynthia Voltz,Corporate,United States,East,New York,New York City,10035.0
CW-11905,Carl Weiss,Home Office,United States,Central,Texas,Huntsville,77340.0
CY-12745,Craig Yedwab,Corporate,United States,West,California,Oakland,94601.0
Co-12640,Corey-Lock,Consumer,United States,East,Pennsylvania,Philadelphia,19143.0
DA-13450,Dianna Arnett,Home Office,United States,Central,Texas,Houston,77095.0
DB-12910,Daniel Byrd,Home Office,United States,South,Florida,Tampa,33614.0
DB-12970,Darren Budd,Corporate,United States,West,California,Los Angeles,90004.0
DB-13060,Dave Brooks,Consumer,United States,West,Washington,Seattle,98115.0
DB-13120,David Bremer,Corporate,United States,West,California,Santa Clara,95051.0
DB-13210,Dean Braden,Consumer,United States,Central,Texas,Houston,77041.0
DB-13270,Deborah Brumfield,Home Office,United States,West,California,San Diego,92024.0
DB-13360,Dennis Bolton,Home Office,United States,East,New York,New York City,10009.0
DB-13405,Denny Blanton,Consumer,United States,Central,Indiana,La Porte,46350.0
DB-13555,Dorothy Badders,Corporate,United States,South,Florida,Jacksonville,32216.0
DB-13615,Doug Bickford,Consumer,United States,West,California,Los Angeles,90045.0
DB-13660,Duane Benoit,Consumer,United States,East,New York,Oceanside,11572.0
DC-12850,Dan Campbell,Consumer,United States,South,Alabama,Florence,35630.0
DC-13285,Debra Catini,Consumer,United States,Central,Minnesota,Cottage Grove,55016.0
DD-13570,Dorothy Dickinson,Consumer,United States,Central,Texas,Houston,77041.0
DE-13255,Deanra Eno,Home Office,United States,East,Ohio,Springfield,45503.0
DF-13135,David Flashing,Consumer,United States,West,California,Vallejo,94591.0
DG-13300,Deirdre Greer,Corporate,United States,East,Pennsylvania,Philadelphia,19134.0
DH-13075,Dave Hallsten,Corporate,United States,South,Kentucky,Richmond,40475.0
DH-13675,Duane Huffman,Home Office,United States,East,Massachusetts,Quincy,2169.0
DJ-13420,Denny Joy,Corporate,United States,South,Georgia,Warner Robins,31088.0
DJ-13510,Don Jones,Corporate,United States,South,Tennessee,Murfreesboro,37130.0
DJ-13630,Doug Jacobs,Consumer,United States,East,New York,New York City,10024.0
DK-12835,Damala Kotsonis,Corporate,United States,West,California,Salinas,93905.0
DK-12895,Dana Kaydos,Consumer,United States,Central,Wisconsin,Kenosha,53142.0
DK-12985,Darren Koutras,Consumer,United States,South,Kentucky,Henderson,42420.0
DK-13090,Dave Kipp,Consumer,United States,West,Washington,Seattle,98103.0
DK-13150,David Kendrick,Corporate,United States,Central,Illinois,Decatur,62521.0
DK-13225,Dean Katz,Corporate,United States,East,Pennsylvania,Philadelphia,19140.0
DK-13375,Dennis Kane,Consumer,United States,East,Ohio,Marion,43302.0
DL-12865,Dan Lawera,Consumer,United States,East,Ohio,Cincinnati,45231.0
DL-12925,Daniel Lacy,Consumer,United States,West,California,Oceanside,92054.0
DL-13315,Delfina Latchford,Consumer,United States,East,New York,New York City,10024.0
DL-13330,Denise Leinenbach,Consumer,United States,West,New Mexico,Las Cruces,88001.0
DL-13495,Dionis Lloyd,Corporate,United States,West,California,San Francisco,94110.0
DM-12955,Dario Medina,Corporate,United States,Central,Michigan,Lincoln Park,48146.0
DM-13015,Darrin Martin,Consumer,United States,West,California,Encinitas,92024.0
DM-13345,Denise Monton,Corporate,United States,South,Georgia,Roswell,30076.0
DM-13525,Don Miller,Corporate,United States,Central,Texas,Houston,77070.0
DN-13690,Duane Noonan,Consumer,United States,West,California,San Francisco,94122.0
DO-13435,Denny Ordway,Consumer,United States,South,Florida,Pembroke Pines,33024.0
DO-13645,Doug O'Connell,Consumer,United States,West,California,Los Angeles,90036.0
DP-13000,Darren Powers,Consumer,United States,Central,Indiana,New Albany,47150.0
DP-13105,Dave Poirier,Corporate,United States,West,California,Salinas,93905.0
DP-13165,David Philippe,Consumer,United States,East,New York,New York City,10035.0
DP-13390,Dennis Pardue,Home Office,United States,Central,Illinois,Peoria,61604.0
DR-12880,Dan Reichenbach,Corporate,United States,Central,Illinois,Chicago,60623.0
DR-12940,Daniel Raglin,Home Office,United States,East,Massachusetts,Franklin,2038.0
DS-13030,Darrin Sayre,Home Office,United States,West,Washington,Seattle,98115.0
DS-13180,David Smith,Corporate,United States,Central,Michigan,Detroit,48227.0
DV-13045,Darrin Van Huff,Corporate,United States,West,California,Los Angeles,90036.0
DV-13465,Dianna Vittorini,Consumer,United States,West,Colorado,Denver,80219.0
DW-13195,David Wiener,Corporate,United States,Central,Texas,Houston,77095.0
DW-13480,Dianna Wilson,Home Office,United States,Central,Minnesota,Lakeville,55044.0
DW-13540,Don Weiss,Consumer,United States,West,Washington,Seattle,98105.0
DW-13585,Dorothy Wardle,Corporate,United States,East,Ohio,Columbus,43229.0
Dl-13600,Dorris liebe,Corporate,United States,Central,Texas,Pasadena,77506.0
Dp-13240,Dean percer,Home Office,United States,West,Utah,Murray,84107.0
EA-14035,Erin Ashbrook,Corporate,United States,South,North Carolina,Charlotte,28205.0
EB-13705,Ed Braxton,Corporate,United States,East,Ohio,Akron,44312.0
EB-13750,Edward Becker,Corporate,United States,West,Washington,Seattle,98103.0
EB-13840,Ellis Ballard,Corporate,United States,West,Washington,Seattle,98105.0
EB-13870,Emily Burns,Consumer,United States,West,Utah,Orem,84057.0
EB-13930,Eric Barreto,Consumer,United States,West,California,San Francisco,94110.0
EB-13975,Erica Bern,Corporate,United States,West,California,Fairfield,94533.0
EB-14110,Eugene Barchas,Consumer,United States,East,Pennsylvania,Philadelphia,19134.0
EB-14170,Evan Bailliet,Consumer,United States,South,North Carolina,Wilmington,28403.0
EC-14050,Erin Creighton,Consumer,United States,East,New York,New York City,10024.0
ED-13885,Emily Ducich,Home Office,United States,West,California,San Diego,92037.0
EG-13900,Emily Grady,Consumer,United States,East,New York,Oceanside,11572.0
EH-13765,Edward Hooks,Corporate,United States,East,New York,Watertown,13601.0
EH-13945,Eric Hoffmann,Consumer,United States,West,California,Los Angeles,90049.0
EH-13990,Erica Hackney,Consumer,United States,South,Georgia,Roswell,30076.0
EH-14005,Erica Hernandez,Home Office,United States,West,Colorado,Denver,80219.0
EH-14125,Eugene Hildebrand,Home Office,United States,Central,Illinois,Aurora,60505.0
EH-14185,Evan Henry,Consumer,United States,South,Alabama,Decatur,35601.0
EJ-13720,Ed Jacobs,Consumer,United States,West,California,San Diego,92037.0
EJ-14155,Eva Jacobs,Consumer,United States,South,Mississippi,Gulfport,39503.0
EK-13795,Eileen Kiefer,Home Office,United States,West,California,Santa Ana,92704.0
EL-13735,Ed Ludwig,Home Office,United States,East,Maryland,Columbia,21044.0
EM-13810,Eleni McCrary,Corporate,United States,West,California,Los Angeles,90036.0
EM-13825,Elizabeth Moffitt,Corporate,United States,Central,South Dakota,Sioux Falls,57103.0
EM-13960,Eric Murdock,Consumer,United States,East,Pennsylvania,Philadelphia,19134.0
EM-14065,Erin Mull,Consumer,United States,East,New York,New York City,10024.0
EM-14095,Eudokia Martin,Corporate,United States,West,California,Los Angeles,90036.0
EM-14140,Eugene Moren,Home Office,United States,West,Arizona,Glendale,85301.0
EM-14200,Evan Minnotte,Home Office,United States,South,Virginia,Virginia Beach,23464.0
EN-13780,Edward Nazzal,Consumer,United States,East,New York,New York City,10035.0
EP-13915,Emily Phan,Consumer,United States,Central,Illinois,Chicago,60653.0
ER-13855,Elpida Rittenbach,Corporate,United States,Central,Minnesota,Saint Paul,55106.0
ES-14020,Erica Smith,Consumer,United States,West,California,San Francisco,94110.0
ES-14080,Erin Smith,Corporate,United States,South,Florida,Melbourne,32935.0
FA-14230,Frank Atkinson,Corporate,United States,West,California,Long Beach,90805.0
FC-14245,Frank Carlisle,Home Office,United States,East,Ohio,Lakewood,44107.0
FC-14335,Fred Chung,Corporate,United States,Central,Texas,Mesquite,75150.0
FG-14260,Frank Gastineau,Home Office,United States,West,California,San Francisco,94110.0
FH-14275,Frank Hawley,Corporate,United States,Central,Indiana,La Porte,46350.0
FH-14350,Fred Harton,Consumer,United States,West,Washington,Seattle,98105.0
FH-14365,Fred Hopkins,Corporate,United States,East,Pennsylvania,Philadelphia,19120.0
FM-14215,Filia McAdams,Corporate,United States,East,Ohio,Dublin,43017.0
FM-14290,Frank Merwin,Home Office,United States,West,California,Los Angeles,90032.0
FM-14380,Fred McMath,Consumer,United States,West,Colorado,Aurora,80013.0
FO-14305,Frank Olsen,Consumer,United States,East,New York,New York City,10035.0
FP-14320,Frank Preis,Consumer,United States,West,California,Los Angeles,90008.0
FW-14395,Fred Wasserman,Corporate,United States,South,Alabama,Huntsville,35810.0
GA-14515,George Ashbrook,Consumer,United States,West,California,San Francisco,94122.0
GA-14725,Guy Armstrong,Consumer,United States,East,Ohio,Lorain,44052.0
GB-14530,George Bell,Corporate,United States,East,New York,Auburn,13021.0
GB-14575,Giulietta Baptist,Consumer,United States,East,Pennsylvania,Philadelphia,19134.0
GD-14590,Giulietta Dortch,Corporate,United States,East,Pennsylvania,Philadelphia,19143.0
GG-14650,Greg Guthrie,Corporate,United States,South,Tennessee,Bristol,37620.0
GH-14410,Gary Hansen,Home Office,United States,West,Arizona,Glendale,85301.0
GH-14425,Gary Hwang,Consumer,United States,West,Arizona,Tucson,85705.0
GH-14485,Gene Hale,Corporate,United States,Central,Texas,Richardson,75080.0
GH-14665,Greg Hansen,Consumer,United States,Central,Texas,Round Rock,78664.0
GK-14620,Grace Kelly,Corporate,United States,West,California,Hesperia,92345.0
GM-14440,Gary McGarr,Consumer,United States,West,California,San Francisco,94122.0
GM-14455,Gary Mitchum,Home Office,United States,Central,Texas,Houston,77095.0
GM-14500,Gene McClure,Consumer,United States,East,Rhode Island,Providence,2908.0
GM-14680,Greg Matthias,Consumer,United States,West,Washington,Seattle,98105.0
GM-14695,Greg Maxwell,Corporate,United States,West,California,Los Angeles,90036.0
GP-14740,Guy Phonely,Corporate,United States,East,Pennsylvania,Lancaster,17602.0
GR-14560,Georgia Rosenberg,Corporate,United States,West,California,San Francisco,94110.0
GT-14635,Grant Thornton,Corporate,United States,South,North Carolina,Burlington,27217.0
GT-14710,Greg Tran,Consumer,United States,Central,Texas,Houston,77070.0
GT-14755,Guy Thornton,Consumer,United States,Central,Texas,Harlingen,78550.0
GW-14605,Giulietta Weimer,Consumer,United States,West,Washington,Seattle,98115.0
GZ-14470,Gary Zandusky,Consumer,United States,Central,Minnesota,Rochester,55901.0
GZ-14545,George Zrebassa,Corporate,United States,East,Massachusetts,Lawrence,1841.0
HA-14905,Helen Abelman,Consumer,United States,East,New York,New York City,10024.0
HA-14920,Helen Andreada,Consumer,United States,West,California,Pasadena,91104.0
HD-14785,Harold Dahlen,Home Office,United States,East,Pennsylvania,Philadelphia,19143.0
HE-14800,Harold Engle,Corporate,United States,Central,Illinois,Chicago,60623.0
HF-14995,Herbert Flentye,Consumer,United States,Central,Indiana,Indianapolis,46203.0
HG-14845,Harry Greene,Consumer,United States,South,Louisiana,Lake Charles,70601.0
HG-14965,Henry Goldwyn,Corporate,United States,West,California,Los Angeles,90032.0
HG-15025,Hunter Glantz,Consumer,United States,Central,Texas,Amarillo,79109.0
HH-15010,Hilary Holden,Corporate,United States,West,California,San Francisco,94110.0
HJ-14875,Heather Jas,Home Office,United States,South,Florida,Jacksonville,32216.0
HK-14890,Heather Kirkland,Corporate,United States,South,Tennessee,Franklin,37064.0
HL-15040,Hunter Lopez,Consumer,United States,Central,Texas,Houston,77095.0
HM-14860,Harry Marie,Corporate,United States,East,Pennsylvania,Philadelphia,19120.0
HM-14980,Henry MacAllister,Consumer,United States,East,New York,New York City,10009.0
HP-14815,Harold Pawlan,Home Office,United States,Central,Texas,Fort Worth,76106.0
HR-14770,Hallie Redmond,Home Office,United States,West,California,Los Angeles,90045.0
HR-14830,Harold Ryan,Corporate,United States,West,Washington,Seattle,98103.0
HW-14935,Helen Wasserman,Corporate,United States,West,California,San Diego,92105.0
HZ-14950,Henia Zydlo,Consumer,United States,East,Ohio,Columbus,43229.0
IG-15085,Ivan Gibson,Consumer,United States,West,California,San Diego,92024.0
IL-15100,Ivan Liston,Consumer,United States,West,California,San Francisco,94122.0
IM-15055,Ionia McGrath,Consumer,United States,West,California,Roseville,95661.0
IM-15070,Irene Maddox,Consumer,United States,West,Washington,Seattle,98103.0
JA-15970,Joseph Airdo,Consumer,United States,West,Arizona,Phoenix,85023.0
JB-15400,Jennifer Braxton,Corporate,United States,Central,Illinois,Chicago,60623.0
JB-15925,Joni Blumstein,Consumer,United States,East,Ohio,Dublin,43017.0
JB-16000,Joy Bell-,Consumer,United States,Central,Texas,Brownsville,78521.0
JB-16045,Julia Barnett,Home Office,United States,South,Georgia,Columbus,31907.0
JC-15340,Jasper Cacioppo,Consumer,United States,West,California,Los Angeles,90032.0
JC-15385,Jenna Caffey,Consumer,United States,West,Washington,Kent,98031.0
JC-15775,John Castell,Consumer,United States,Central,Texas,San Antonio,78207.0
JC-16105,Julie Creighton,Corporate,United States,South,North Carolina,Durham,27707.0
JD-15790,John Dryer,Consumer,United States,Central,Texas,Coppell,75019.0
JD-15895,Jonathan Doherty,Corporate,United States,East,Pennsylvania,Philadelphia,19140.0
JD-16015,Joy Daniels,Consumer,United States,Central,Illinois,Chicago,60610.0
JD-16060,Julia Dunbar,Consumer,United States,West,California,San Francisco,94109.0
JD-16150,Justin Deggeller,Corporate,United States,Central,Minnesota,Minneapolis,55407.0
JE-15475,Jeremy Ellison,Consumer,United States,East,New York,Troy,12180.0
JE-15610,Jim Epp,Corporate,United States,Central,Wisconsin,Milwaukee,53209.0
JE-15715,Joe Elijah,Consumer,United States,West,Colorado,Broomfield,80020.0
JE-15745,Joel Eaton,Consumer,United States,South,Tennessee,Memphis,38109.0
JE-16165,Justin Ellison,Corporate,United States,Central,Wisconsin,Franklin,53132.0
JF-15190,Jamie Frazer,Consumer,United States,West,California,Los Angeles,90008.0
JF-15295,Jason Fortune-,Consumer,United States,West,Washington,Seattle,98103.0
JF-15355,Jay Fein,Consumer,United States,Central,Texas,Austin,78745.0
JF-15415,Jennifer Ferguson,Consumer,United States,East,New York,New York City,10024.0
JF-15490,Jeremy Farry,Consumer,United States,West,Washington,Seattle,98105.0
JF-15565,Jill Fjeld,Consumer,United States,Central,Texas,Dallas,75081.0
JG-15115,Jack Garza,Consumer,United States,West,Washington,Des Moines,98198.0
JG-15160,James Galang,Consumer,United States,West,California,Los Angeles,90049.0
JG-15310,Jason Gross,Corporate,United States,East,Rhode Island,Providence,2908.0
JG-15805,John Grady,Corporate,United States,East,New York,New York City,10024.0
JH-15430,Jennifer Halladay,Consumer,United States,South,North Carolina,Burlington,27217.0
JH-15820,John Huston,Consumer,United States,East,Ohio,Kent,44240.0
JH-15910,Jonathan Howell,Consumer,United States,West,California,Los Angeles,90032.0
JH-15985,Joseph Holt,Consumer,United States,Central,Michigan,Saginaw,48601.0
JH-16180,Justin Hirsh,Consumer,United States,West,Colorado,Pueblo,81001.0
JJ-15445,Jennifer Jackson,Consumer,United States,West,California,Los Angeles,90004.0
JJ-15760,Joel Jenkins,Home Office,United States,South,Virginia,Springfield,22153.0
JK-15205,Jamie Kunitz,Consumer,United States,West,California,San Francisco,94122.0
JK-15325,Jason Klamczynski,Corporate,United States,Central,Texas,Dallas,75220.0
JK-15370,Jay Kimmel,Consumer,United States,West,California,Long Beach,90805.0
JK-15625,Jim Karlsson,Consumer,United States,West,Washington,Seattle,98115.0
JK-15640,Jim Kriz,Home Office,United States,East,New York,New York City,10009.0
JK-15730,Joe Kamberova,Consumer,United States,South,North Carolina,Asheville,28806.0
JK-16090,Juliana Krohn,Consumer,United States,Central,Nebraska,Omaha,68104.0
JK-16120,Julie Kriz,Home Office,United States,Central,Illinois,Aurora,60505.0
JL-15130,Jack Lebron,Consumer,United States,Central,Texas,Houston,77036.0
JL-15175,James Lanier,Home Office,United States,South,Tennessee,Columbia,38401.0
JL-15235,Janet Lee,Consumer,United States,Central,Illinois,Chicago,60623.0
JL-15505,Jeremy Lonsdale,Consumer,United States,East,New York,New York City,10035.0
JL-15835,John Lee,Consumer,United States,West,California,Mission Viejo,92691.0
JL-15850,John Lucas,Consumer,United States,East,Pennsylvania,Philadelphia,19134.0
JM-15250,Janet Martin,Consumer,United States,South,North Carolina,Charlotte,28205.0
JM-15265,Janet Molinari,Corporate,United States,East,New York,New York City,10024.0
JM-15535,Jessica Myrick,Consumer,United States,East,Pennsylvania,Philadelphia,19143.0
JM-15580,Jill Matthias,Consumer,United States,South,North Carolina,Monroe,28110.0
JM-15655,Jim Mitchum,Corporate,United States,East,New Jersey,Bridgeton,8302.0
JM-15865,John Murray,Consumer,United States,East,New York,Jamestown,14701.0
JM-16195,Justin MacKendrick,Consumer,United States,West,California,Los Angeles,90004.0
JO-15145,Jack O'Briant,Corporate,United States,East,Pennsylvania,Philadelphia,19140.0
JO-15280,Jas O'Carroll,Consumer,United States,West,California,Los Angeles,90004.0
JO-15550,Jesus Ocampo,Home Office,United States,East,Pennsylvania,Chester,19013.0
JP-15460,Jennifer Patt,Corporate,United States,East,New York,Oceanside,11572.0
JP-15520,Jeremy Pistek,Consumer,United States,West,California,San Francisco,94110.0
JP-16135,Julie Prescott,Home Office,United States,South,Georgia,Columbus,31907.0
JR-15670,Jim Radford,Consumer,United States,East,Connecticut,Middletown,6457.0
JR-15700,Jocasta Rupert,Consumer,United States,South,Florida,Jacksonville,32216.0
JR-16210,Justin Ritter,Corporate,United States,East,Ohio,Springfield,45503.0
JS-15595,Jill Stevenson,Corporate,United States,West,California,Los Angeles,90045.0
JS-15685,Jim Sink,Corporate,United States,West,California,Los Angeles,90036.0
JS-15880,John Stevenson,Consumer,United States,West,Washington,Seattle,98103.0
JS-15940,Joni Sundaresam,Home Office,United States,Central,Illinois,Park Ridge,60068.0
JS-16030,Joy Smith,Consumer,United States,Central,Texas,Houston,77036.0
JW-15220,Jane Waco,Corporate,United States,West,Washington,Vancouver,98661.0
JW-15955,Joni Wasserman,Consumer,United States,West,California,Oakland,94601.0
JW-16075,Julia West,Consumer,United States,East,Pennsylvania,Philadelphia,19140.0
KA-16525,Kelly Andreada,Consumer,United States,West,California,Ontario,91761.0
KB-16240,Karen Bern,Corporate,United States,West,California,Los Angeles,90036.0
KB-16315,Karl Braun,Consumer,United States,Central,Minnesota,Minneapolis,55407.0
KB-16405,Katrina Bavinger,Home Office,United States,West,California,Apple Valley,92307.0
KB-16585,Ken Black,Corporate,United States,Central,Nebraska,Fremont,68025.0
KB-16600,Ken Brennan,Corporate,United States,Central,Texas,Houston,77041.0
KC-16255,Karen Carlisle,Corporate,United States,West,California,San Francisco,94110.0
KC-16540,Kelly Collister,Consumer,United States,West,California,San Diego,92037.0
KC-16675,Kimberly Carter,Corporate,United States,West,Washington,Seattle,98105.0
KD-16270,Karen Daniels,Consumer,United States,South,Virginia,Springfield,22153.0
KD-16345,Katherine Ducich,Consumer,United States,West,California,San Francisco,94122.0
KD-16495,Keith Dawkins,Corporate,United States,East,New York,New York City,10009.0
KD-16615,Ken Dana,Corporate,United States,West,Arizona,Scottsdale,85254.0
KE-16420,Katrina Edelman,Corporate,United States,South,Tennessee,Bristol,37620.0
KF-16285,Karen Ferguson,Home Office,United States,West,California,Manteca,95336.0
KH-16330,Katharine Harms,Corporate,United States,South,Kentucky,Bowling Green,42104.0
KH-16360,Katherine Hughes,Consumer,United States,East,Pennsylvania,Philadelphia,19143.0
KH-16510,Keith Herrera,Consumer,United States,West,California,San Francisco,94110.0
KH-16630,Ken Heidel,Corporate,United States,Central,Texas,San Antonio,78207.0
KH-16690,Kristen Hastings,Corporate,United States,West,California,San Francisco,94110.0
KL-16555,Kelly Lampkin,Corporate,United States,West,Colorado,Colorado Springs,80906.0
KL-16645,Ken Lonsdale,Consumer,United States,Central,Illinois,Chicago,60610.0
KM-16225,Kalyca Meade,Corporate,United States,East,New York,New York City,10011.0
KM-16375,Katherine Murray,Home Office,United States,South,Virginia,Salem,24153.0
KM-16660,Khloe Miller,Consumer,United States,South,Georgia,Roswell,30076.0
KM-16720,Kunst Miller,Consumer,United States,West,California,Los Angeles,90004.0
KN-16390,Katherine Nockton,Corporate,United States,West,California,Los Angeles,90004.0
KN-16450,Kean Nguyen,Corporate,United States,South,Florida,Jacksonville,32216.0
KN-16705,Kristina Nunn,Home Office,United States,West,Colorado,Fort Collins,80525.0
KS-16300,Karen Seio,Corporate,United States,West,Utah,Lehi,84043.0
KT-16465,Kean Takahito,Consumer,United States,West,California,Los Angeles,90049.0
KT-16480,Kean Thornton,Consumer,United States,East,New York,Buffalo,14215.0
KW-16435,Katrina Willman,Consumer,United States,East,New York,New York City,10009.0
KW-16570,Kelly Williams,Consumer,United States,South,Tennessee,Clarksville,37042.0
LA-16780,Laura Armstrong,Corporate,United States,Central,Michigan,Taylor,48180.0
LB-16735,Larry Blacks,Consumer,United States,Central,Texas,Fort Worth,76106.0
LB-16795,Laurel Beltran,Home Office,United States,Central,Illinois,Highland Park,60035.0
LC-16870,Lena Cacioppo,Consumer,United States,West,Colorado,Aurora,80013.0
LC-16885,Lena Creighton,Consumer,United States,West,California,Roseville,95661.0
LC-16930,Linda Cazamias,Corporate,United States,Central,Illinois,Naperville,60540.0
LC-16960,Lindsay Castell,Home Office,United States,South,Virginia,Arlington,22204.0
LC-17050,Liz Carlisle,Consumer,United States,West,California,Mission Viejo,92691.0
LC-17140,Logan Currie,Consumer,United States,Central,Texas,Dallas,75220.0
LD-16855,Lela Donovan,Corporate,United States,Central,Illinois,Chicago,60653.0
LD-17005,Lisa DeCherney,Consumer,United States,West,California,San Francisco,94109.0
LE-16810,Laurel Elliston,Consumer,United States,West,California,Whittier,90604.0
LF-17185,Luke Foster,Consumer,United States,South,Florida,Miami,33180.0
LH-16750,Larry Hughes,Consumer,United States,South,North Carolina,Charlotte,28205.0
LH-16900,Lena Hernandez,Consumer,United States,East,Delaware,Dover,19901.0
LH-17020,Lisa Hazard,Consumer,United States,East,Ohio,Columbus,43229.0
LH-17155,Logan Haushalter,Consumer,United States,West,California,San Francisco,94109.0
LL-16840,Lauren Leatherbury,Consumer,United States,East,New York,Rochester,14609.0
LM-17065,Liz MacKendrick,Consumer,United States,East,Ohio,Springfield,45503.0
LO-17170,Lori Olson,Corporate,United States,West,California,La Quinta,92253.0
LP-17080,Liz Pelletier,Consumer,United States,West,California,San Francisco,94110.0
LP-17095,Liz Preis,Consumer,United States,South,Kentucky,Murray,42071.0
LR-16915,Lena Radford,Consumer,United States,West,California,San Diego,92024.0
LR-17035,Lisa Ryan,Corporate,United States,East,Pennsylvania,Philadelphia,19134.0
LS-16945,Linda Southworth,Corporate,United States,East,Pennsylvania,Philadelphia,19140.0
LS-16975,Lindsay Shagiari,Home Office,United States,West,California,Los Angeles,90004.0
LS-17200,Luke Schmidt,Corporate,United States,Central,Illinois,Skokie,60076.0
LS-17230,Lycoris Saunders,Consumer,United States,East,Delaware,Dover,19901.0
LS-17245,Lynn Smith,Consumer,United States,Central,Missouri,Gladstone,64118.0
LT-16765,Larry Tron,Consumer,United States,West,California,Escondido,92025.0
LT-17110,Liz Thompson,Consumer,United States,West,California,Lancaster,93534.0
LW-16825,Laurel Workman,Corporate,United States,South,Florida,Deltona,32725.0
LW-16990,Lindsay Williams,Corporate,United States,West,California,San Francisco,94110.0
LW-17125,Liz Willingham,Consumer,United States,East,Connecticut,Norwich,6360.0
LW-17215,Luke Weiss,Consumer,United States,West,California,Pasadena,91104.0
MA-17560,Matt Abelman,Home Office,United States,Central,Texas,Houston,77095.0
MA-17995,Michelle Arnett,Home Office,United States,East,New York,Watertown,13601.0
MB-17305,Maria Bertelson,Consumer,United States,East,Ohio,Akron,44312.0
MB-18085,Mick Brown,Consumer,United States,East,New Jersey,Vineland,8360.0
MC-17275,Marc Crier,Consumer,United States,South,Louisiana,Lafayette,70506.0
MC-17425,Mark Cousins,Corporate,United States,South,Alabama,Mobile,36608.0
MC-17575,Matt Collins,Consumer,United States,East,Ohio,Cincinnati,45231.0
MC-17590,Matt Collister,Corporate,United States,East,New Jersey,Perth Amboy,8861.0
MC-17605,Matt Connell,Corporate,United States,Central,Michigan,Detroit,48234.0
MC-17635,Matthew Clasen,Corporate,United States,Central,Missouri,Saint Louis,63116.0
MC-17845,Michael Chen,Consumer,United States,South,Mississippi,Jackson,39212.0
MC-18100,Mick Crebagga,Consumer,United States,Central,Texas,El Paso,79907.0
MC-18130,Mike Caudle,Corporate,United States,South,Louisiana,Monroe,71203.0
MD-17350,Maribeth Dona,Consumer,United States,South,Arkansas,Fayetteville,72701.0
MD-17860,Michael Dominguez,Corporate,United States,Central,Indiana,Indianapolis,46203.0
ME-17320,Maria Etezadi,Home Office,United States,South,Georgia,Columbus,31907.0
ME-17725,Max Engle,Consumer,United States,West,Colorado,Aurora,80013.0
ME-18010,Michelle Ellison,Corporate,United States,West,California,San Francisco,94122.0
MF-17665,Maureen Fritzler,Corporate,United States,East,Ohio,Toledo,43615.0
MF-18250,Monica Federle,Corporate,United States,West,California,Los Angeles,90036.0
MG-17650,Matthew Grinstein,Home Office,United States,East,Pennsylvania,Philadelphia,19143.0
MG-17680,Maureen Gastineau,Home Office,United States,East,Ohio,Newark,43055.0
MG-17695,Maureen Gnade,Consumer,United States,East,New York,Buffalo,14215.0
MG-17875,Michael Grace,Home Office,United States,East,New York,New York City,10011.0
MG-17890,Michael Granlund,Home Office,United States,East,Maryland,Clinton,20735.0
MG-18145,Mike Gockenbach,Consumer,United States,East,Pennsylvania,Philadelphia,19134.0
MG-18205,Mitch Gastineau,Corporate,United States,South,Florida,Jacksonville,32216.0
MH-17290,Marc Harrigan,Home Office,United States,West,California,Los Angeles,90036.0
MH-17440,Mark Haberlin,Corporate,United States,East,New York,New York City,10035.0
MH-17455,Mark Hamilton,Consumer,United States,South,North Carolina,Jacksonville,28540.0
MH-17620,Matt Hagelstein,Corporate,United States,West,California,San Francisco,94110.0
MH-17785,Maya Herman,Corporate,United States,East,New York,Lindenhurst,11757.0
MH-18025,Michelle Huthwaite,Consumer,United States,West,Washington,Seattle,98115.0
MH-18115,Mick Hernandez,Home Office,United States,East,Pennsylvania,Chester,19013.0
MJ-17740,Max Jones,Consumer,United States,West,Washington,Seattle,98115.0
MK-17905,Michael Kennedy,Corporate,United States,East,Connecticut,Manchester,6040.0
MK-18160,Mike Kennedy,Consumer,United States,South,Florida,Jacksonville,32216.0
ML-17395,Marina Lichtenstein,Corporate,United States,West,California,Los Angeles,90008.0
ML-17410,Maris LaWare,Consumer,United States,East,Connecticut,Fairfield,6824.0
ML-17755,Max Ludwig,Home Office,United States,South,Virginia,Suffolk,23434.0
ML-18040,Michelle Lonsdale,Corporate,United States,West,New Mexico,Albuquerque,87105.0
ML-18265,Muhammed Lee,Consumer,United States,West,Washington,Seattle,98103.0
MM-17260,Magdelene Morse,Consumer,United States,East,Delaware,Wilmington,19805.0
MM-17920,Michael Moore,Consumer,United States,West,California,San Francisco,94110.0
MM-18055,Michelle Moray,Consumer,United States,West,Washington,Seattle,98115.0
MM-18280,Muhammed MacIntyre,Corporate,United States,Central,Illinois,Quincy,62301.0
MN-17935,Michael Nguyen,Consumer,United States,Central,Texas,Dallas,75220.0
MO-17500,Mary O'Rourke,Consumer,United States,East,New York,New York City,10035.0
MO-17800,Meg O'Connel,Home Office,United States,East,New York,New York City,10009.0
MO-17950,Michael Oakman,Consumer,United States,Central,Texas,Dallas,75220.0
MP-17470,Mark Packer,Home Office,United States,East,New York,New York City,10035.0
MP-17965,Michael Paige,Corporate,United States,East,Massachusetts,Lawrence,1841.0
MP-18175,Mike Pelletier,Home Office,United States,West,California,Laguna Niguel,92677.0
MR-17545,Mathew Reese,Home Office,United States,East,Pennsylvania,Philadelphia,19140.0
MS-17365,Maribeth Schnelling,Consumer,United States,Central,Michigan,Detroit,48227.0
MS-17530,MaryBeth Skach,Consumer,United States,West,California,San Diego,92037.0
MS-17710,Maurice Satty,Consumer,United States,West,Arizona,Mesa,85204.0
MS-17770,Maxwell Schwartz,Consumer,United States,East,New York,New York City,10035.0
MS-17830,Melanie Seite,Consumer,United States,Central,Texas,Laredo,78041.0
MS-17980,Michael Stewart,Corporate,United States,Central,Texas,Dallas,75220.0
MT-17815,Meg Tillman,Consumer,United States,West,Arizona,Scottsdale,85254.0
MT-18070,Michelle Tran,Home Office,United States,West,California,Los Angeles,90045.0
MV-17485,Mark Van Huff,Consumer,United States,South,Virginia,Arlington,22204.0
MV-18190,Mike Vittorini,Consumer,United States,East,New York,New York City,10009.0
MW-18220,Mitch Webber,Consumer,United States,East,New York,New York City,10035.0
MW-18235,Mitch Willingham,Corporate,United States,South,Virginia,Virginia Beach,23464.0
MY-17380,Maribeth Yedwab,Corporate,United States,West,Colorado,Parker,80134.0
MY-18295,Muhammed Yedwab,Corporate,United States,Central,Texas,Grapevine,76051.0
MZ-17335,Maria Zettner,Home Office,United States,West,California,San Diego,92024.0
MZ-17515,Mary Zewe,Corporate,United States,West,California,Redlands,92374.0
NB-18580,Nicole Brennan,Corporate,United States,East,Pennsylvania,Philadelphia,19134.0
NB-18655,Nona Balk,Corporate,United States,Central,Texas,Dallas,75217.0
NC-18340,Nat Carroll,Consumer,United States,Central,Michigan,Lansing,48911.0
NC-18415,Nathan Cano,Consumer,United States,South,North Carolina,Jacksonville,28540.0
NC-18535,Nick Crebassa,Corporate,United States,Central,Texas,Dallas,75217.0
NC-18625,Noah Childs,Corporate,United States,West,Colorado,Aurora,80013.0
ND-18370,Natalie DeCherney,Consumer,United States,South,Kentucky,Louisville,40214.0
ND-18460,Neil Ducich,Corporate,United States,South,Georgia,Macon,31204.0
NF-18385,Natalie Fritzler,Consumer,United States,South,Mississippi,Jackson,39212.0
NF-18475,Neil Französisch,Home Office,United States,Central,Illinois,Rockford,61107.0
NF-18595,Nicole Fjeld,Home Office,United States,East,New York,New York City,10009.0
NG-18355,Nat Gilpin,Corporate,United States,East,New York,New York City,10011.0
NG-18430,Nathan Gelder,Consumer,United States,East,Ohio,Cincinnati,45231.0
NH-18610,Nicole Hansen,Corporate,United States,Central,Texas,Irving,75061.0
NK-18490,Neil Knudson,Home Office,United States,West,Washington,Seattle,98105.0
NL-18310,Nancy Lomonaco,Home Office,United States,West,California,Los Angeles,90045.0
NM-18445,Nathan Mautz,Home Office,United States,East,New York,New York City,10024.0
NM-18520,Neoma Murray,Consumer,United States,West,California,Riverside,92503.0
NP-18325,Naresj Patel,Consumer,United States,South,Virginia,Waynesboro,22980.0
NP-18670,Nora Paige,Consumer,United States,Central,Oklahoma,Edmond,73034.0
NP-18685,Nora Pelletier,Home Office,United States,East,New York,Niagara Falls,14304.0
NP-18700,Nora Preis,Consumer,United States,West,California,Fresno,93727.0
NR-18550,Nick Radford,Consumer,United States,Central,Illinois,Aurora,60505.0
NS-18505,Neola Schneider,Consumer,United States,Central,Texas,Dallas,75217.0
NS-18640,Noel Staavos,Corporate,United States,Central,Illinois,Chicago,60610.0
NW-18400,Natalie Webber,Consumer,United States,West,Oregon,Tigard,97224.0
NZ-18565,Nick Zandusky,Home Office,United States,East,Ohio,Columbus,43229.0
ON-18715,Odella Nelson,Corporate,United States,Central,Minnesota,Eagan,55122.0
OT-18730,Olvera Toch,Consumer,United States,West,California,Los Angeles,90045.0
PA-19060,Pete Armstrong,Home Office,United States,Central,Illinois,Orland Park,60462.0
PB-18805,Patrick Bzostek,Home Office,United States,West,Utah,Salt Lake City,84106.0
PB-19105,Peter Bühler,Consumer,United States,Central,Illinois,Evanston,60201.0
PB-19150,Philip Brown,Consumer,United States,West,California,Los Angeles,90004.0
PB-19210,Phillip Breyer,Corporate,United States,Central,Oklahoma,Tulsa,74133.0
PC-18745,Pamela Coakley,Corporate,United States,West,California,San Francisco,94122.0
PC-19000,Pauline Chand,Home Office,United States,West,California,Los Angeles,90004.0
PF-19120,Peter Fuller,Consumer,United States,West,Arizona,Gilbert,85234.0
PF-19165,Philip Fox,Consumer,United States,Central,Illinois,Bloomington,61701.0
PF-19225,Phillip Flathmann,Consumer,United States,West,California,San Francisco,94122.0
PG-18820,Patrick Gardner,Consumer,United States,West,California,San Francisco,94110.0
PG-18895,Paul Gonzalez,Consumer,United States,Central,Minnesota,Rochester,55901.0
PH-18790,Patricia Hirasaki,Home Office,United States,South,Florida,Lakeland,33801.0
PJ-18835,Patrick Jones,Corporate,United States,South,Tennessee,Murfreesboro,37130.0
PJ-19015,Pauline Johnson,Consumer,United States,West,California,Santa Ana,92704.0
PK-18910,Paul Knutson,Home Office,United States,East,Pennsylvania,Philadelphia,19143.0
PK-19075,Pete Kriz,Consumer,United States,Central,Wisconsin,Madison,53711.0
PL-18925,Paul Lucas,Home Office,United States,Central,Illinois,Chicago,60610.0
PM-18940,Paul MacIntyre,Consumer,United States,Central,Michigan,Jackson,49201.0
PM-19135,Peter McVee,Home Office,United States,Central,Michigan,Detroit,48227.0
PN-18775,Parhena Norris,Home Office,United States,East,New York,New York City,10009.0
PO-18850,Patrick O'Brill,Consumer,United States,East,Pennsylvania,Philadelphia,19143.0
PO-18865,Patrick O'Donnell,Consumer,United States,Central,Michigan,Westland,48185.0
PO-19180,Philisse Overcash,Home Office,United States,Central,Illinois,Chicago,60623.0
PO-19195,Phillina Ober,Home Office,United States,Central,Illinois,Naperville,60540.0
PP-18955,Paul Prost,Home Office,United States,South,Georgia,Smyrna,30080.0
PR-18880,Patrick Ryan,Consumer,United States,West,California,Oakland,94601.0
PS-18760,Pamela Stobb,Consumer,United States,West,California,Los Angeles,90008.0
PS-18970,Paul Stevenson,Home Office,United States,Central,Illinois,Chicago,60610.0
PS-19045,Penelope Sewall,Home Office,United States,South,North Carolina,Charlotte,28205.0
PT-19090,Pete Takahito,Consumer,United States,Central,Texas,Houston,77070.0
PV-18985,Paul Van Hugh,Home Office,United States,West,California,San Francisco,94122.0
PW-19030,Pauline Webber,Corporate,United States,South,Kentucky,Richmond,40475.0
PW-19240,Pierre Wener,Consumer,United States,West,Colorado,Louisville,80027.0
QJ-19255,Quincy Jones,Corporate,United States,Central,Minnesota,Saint Paul,55106.0
RA-19285,Ralph Arnett,Consumer,United States,East,New York,New York City,10035.0
RA-19885,Ruben Ausman,Corporate,United States,West,California,Los Angeles,90049.0
RA-19915,Russell Applegate,Consumer,United States,Central,Texas,Houston,77095.0
RA-19945,Ryan Akin,Consumer,United States,West,California,Murrieta,92563.0
RB-19330,Randy Bradley,Consumer,United States,East,Pennsylvania,Philadelphia,19143.0
RB-19360,Raymond Buch,Consumer,United States,East,New York,Auburn,13021.0
RB-19435,Richard Bierner,Consumer,United States,Central,Missouri,Saint Louis,63116.0
RB-19465,Rick Bensley,Home Office,United States,Central,Illinois,Chicago,60610.0
RB-19570,Rob Beeghly,Consumer,United States,Central,Indiana,Columbus,47201.0
RB-19645,Robert Barroso,Corporate,United States,West,Nevada,North Las Vegas,89031.0
RB-19705,Roger Barcio,Home Office,United States,West,Oregon,Portland,97206.0
RB-19795,Ross Baird,Home Office,United States,South,North Carolina,Gastonia,28052.0
RC-19825,Roy Collins,Consumer,United States,Central,Illinois,Chicago,60610.0
RC-19960,Ryan Crowe,Consumer,United States,East,Ohio,Columbus,43229.0
RD-19480,Rick Duston,Consumer,United States,West,Washington,Olympia,98502.0
RD-19585,Rob Dowd,Consumer,United States,South,Kentucky,Henderson,42420.0
RD-19660,Robert Dilbeck,Home Office,United States,Central,Missouri,Saint Peters,63376.0
RD-19720,Roger Demir,Consumer,United States,South,Florida,Daytona Beach,32114.0
RD-19810,Ross DeVincentis,Home Office,United States,West,California,Los Angeles,90045.0
RD-19900,Ruben Dartt,Consumer,United States,West,New Mexico,Carlsbad,88220.0
RD-19930,Russell D'Ascenzo,Consumer,United States,Central,Texas,Austin,78745.0
RE-19405,Ricardo Emerson,Consumer,United States,East,Ohio,Kent,44240.0
RE-19450,Richard Eichhorn,Consumer,United States,Central,Texas,Dallas,75081.0
RF-19345,Randy Ferguson,Corporate,United States,East,New Hampshire,Dover,3820.0
RF-19735,Roland Fjeld,Consumer,United States,Central,Michigan,Trenton,48183.0
RF-19840,Roy Französisch,Consumer,United States,East,New York,New York City,10024.0
RH-19495,Rick Hansen,Consumer,United States,Central,Minnesota,Rochester,55901.0
RH-19510,Rick Huthwaite,Home Office,United States,East,Rhode Island,Providence,2908.0
RH-19555,Ritsa Hightower,Consumer,United States,South,Florida,Tallahassee,32303.0
RH-19600,Rob Haberlin,Consumer,United States,South,Alabama,Huntsville,35810.0
RK-19300,Ralph Kennedy,Consumer,United States,East,Pennsylvania,Philadelphia,19140.0
RL-19615,Rob Lucas,Consumer,United States,South,Alabama,Montgomery,36116.0
RM-19375,Raymond Messe,Consumer,United States,Central,Texas,Houston,77095.0
RM-19675,Robert Marley,Home Office,United States,South,Louisiana,Monroe,71203.0
RM-19750,Roland Murray,Consumer,United States,East,New York,New York City,10011.0
RO-19780,Rose O'Brian,Consumer,United States,South,Tennessee,Memphis,38109.0
RP-19270,Rachel Payne,Corporate,United States,West,California,Riverside,92503.0
RP-19390,Resi Pölking,Consumer,United States,East,Ohio,Cleveland,44105.0
RP-19855,Roy Phan,Corporate,United States,Central,Wisconsin,Kenosha,53142.0
RR-19315,Ralph Ritter,Consumer,United States,West,California,San Francisco,94110.0
RR-19525,Rick Reed,Corporate,United States,East,Massachusetts,Lowell,1852.0
RS-19420,Ricardo Sperren,Corporate,United States,West,Washington,Seattle,98115.0
RS-19765,Roland Schwarz,Corporate,United States,East,New York,Mount Vernon,10550.0
RS-19870,Roy Skaria,Home Office,United States,Central,Iowa,Burlington,52601.0
RW-19540,Rick Wilson,Corporate,United States,West,Arizona,Mesa,85204.0
RW-19630,Rob Williams,Corporate,United States,Central,Texas,Dallas,75220.0
RW-19690,Robert Waldorf,Consumer,United States,South,North Carolina,Wilmington,28403.0
SA-20830,Sue Ann Reed,Consumer,United States,Central,Illinois,Chicago,60610.0
SB-20170,Sarah Bern,Consumer,United States,East,New York,New York City,10035.0
SB-20185,Sarah Brown,Consumer,United States,East,New Hampshire,Concord,3301.0
SB-20290,Sean Braxton,Corporate,United States,Central,Texas,Houston,77036.0
SC-20020,Sam Craven,Consumer,United States,Central,Texas,Plano,75023.0
SC-20050,Sample Company A,Home Office,United States,East,Connecticut,Norwich,6360.0
SC-20095,Sanjit Chand,Consumer,United States,West,California,Concord,94521.0
SC-20230,Scot Coram,Corporate,United States,Central,Texas,Arlington,76017.0
SC-20260,Scott Cohen,Corporate,United States,West,California,San Francisco,94122.0
SC-20305,Sean Christensen,Consumer,United States,Central,Michigan,Rochester Hills,48307.0
SC-20380,Shahid Collister,Consumer,United States,West,Washington,Seattle,98115.0
SC-20440,Shaun Chance,Corporate,United States,West,Colorado,Aurora,80013.0
SC-20575,Sonia Cooley,Consumer,United States,Central,Indiana,Mishawaka,46544.0
SC-20680,Steve Carroll,Home Office,United States,South,Georgia,Columbus,31907.0
SC-20695,Steve Chapman,Corporate,United States,South,Florida,Hialeah,33012.0
SC-20725,Steven Cartwright,Consumer,United States,East,Delaware,Wilmington,19805.0
SC-20770,Stewart Carmichael,Corporate,United States,South,Alabama,Decatur,35601.0
SC-20800,Stuart Calhoun,Consumer,United States,Central,Texas,Houston,77041.0
SC-20845,Sung Chung,Consumer,United States,Central,Illinois,Arlington Heights,60004.0
SD-20485,Shirley Daniels,Home Office,United States,East,New York,New Rochelle,10801.0
SE-20110,Sanjit Engle,Consumer,United States,East,New York,New York City,10009.0
SF-20065,Sandra Flanagan,Consumer,United States,East,Pennsylvania,Philadelphia,19140.0
SF-20200,Sarah Foster,Consumer,United States,West,Washington,Marysville,98270.0
SF-20965,Sylvia Foulston,Corporate,United States,Central,Michigan,Dearborn,48126.0
SG-20080,Sandra Glassco,Consumer,United States,Central,Missouri,Independence,64055.0
SG-20470,Sheri Gordon,Consumer,United States,East,New York,New York City,10011.0
SG-20605,Speros Goranitis,Consumer,United States,East,New York,New York City,10009.0
SG-20890,Susan Gilcrest,Corporate,United States,Central,Texas,Mcallen,78501.0
SH-19975,Sally Hughsby,Corporate,United States,West,California,San Francisco,94122.0
SH-20395,Shahid Hopkins,Consumer,United States,South,Virginia,Arlington,22204.0
SH-20635,Stefanie Holloman,Corporate,United States,South,Tennessee,Jackson,38301.0
SJ-20125,Sanjit Jacobs,Home Office,United States,East,New Jersey,New Brunswick,8901.0
SJ-20215,Sarah Jordon,Consumer,United States,Central,Texas,Grand Prairie,75051.0
SJ-20500,Shirley Jackson,Consumer,United States,Central,Texas,Houston,77036.0
SK-19990,Sally Knutson,Consumer,United States,East,Connecticut,Fairfield,6824.0
SL-20155,Sara Luxemburg,Home Office,United States,South,Florida,Jacksonville,32216.0
SM-20005,Sally Matthias,Consumer,United States,East,New York,New York City,10009.0
SM-20320,Sean Miller,Home Office,United States,South,North Carolina,Monroe,28110.0
SM-20905,Susan MacKendrick,Consumer,United States,East,Ohio,Newark,43055.0
SM-20950,Suzanne McNair,Corporate,United States,South,North Carolina,Greenville,27834.0
SN-20560,Skye Norling,Home Office,United States,West,California,Los Angeles,90008.0
SN-20710,Steve Nguyen,Home Office,United States,Central,Texas,Houston,77041.0
SO-20335,Sean O'Donnell,Consumer,United States,South,Florida,Fort Lauderdale,33311.0
SP-20545,Sibella Parks,Corporate,United States,East,New York,New York City,10011.0
SP-20620,Stefania Perrino,Corporate,United States,East,Pennsylvania,Philadelphia,19134.0
SP-20650,Stephanie Phelps,Corporate,United States,West,California,San Jose,95123.0
SP-20860,Sung Pak,Corporate,United States,East,Pennsylvania,Philadelphia,19143.0
SP-20920,Susan Pistek,Consumer,United States,West,California,Los Angeles,90036.0
SR-20425,Sharelle Roach,Home Office,United States,West,Colorado,Louisville,80027.0
SR-20740,Steven Roelle,Home Office,United States,East,New York,New York City,10024.0
SS-20140,Saphhira Shifley,Corporate,United States,East,Rhode Island,Warwick,2886.0
SS-20410,Shahid Shariari,Consumer,United States,West,California,Los Angeles,90008.0
SS-20515,Shirley Schmidt,Home Office,United States,South,Kentucky,Louisville,40214.0
SS-20590,Sonia Sunley,Consumer,United States,West,Washington,Seattle,98115.0
SS-20875,Sung Shariari,Consumer,United States,Central,Texas,Dallas,75220.0
ST-20530,Shui Tom,Consumer,United States,East,Ohio,Parma,44134.0
SU-20665,Stephanie Ulpright,Home Office,United States,South,Mississippi,Jackson,39212.0
SV-20365,Seth Vernon,Consumer,United States,East,Delaware,Dover,19901.0
SV-20785,Stewart Visinsky,Consumer,United States,West,Colorado,Pueblo,81001.0
SV-20815,Stuart Van,Corporate,United States,Central,Texas,Houston,77041.0
SV-20935,Susan Vittorini,Consumer,United States,East,New York,New York City,10009.0
SW-20245,Scot Wooten,Consumer,United States,West,California,Stockton,95207.0
SW-20275,Scott Williamson,Consumer,United States,South,Mississippi,Jackson,39212.0
SW-20350,Sean Wendt,Home Office,United States,Central,Michigan,Detroit,48227.0
SW-20455,Shaun Weien,Consumer,United States,South,Virginia,Suffolk,23434.0
SW-20755,Steven Ward,Corporate,United States,East,New York,New York City,10009.0
SZ-20035,Sam Zeldin,Home Office,United States,West,California,Pico Rivera,90660.0
TA-21385,Tom Ashbrook,Home Office,United States,East,New York,New York City,10024.0
TB-21055,Ted Butterfield,Consumer,United States,East,New York,Troy,12180.0
TB-21175,Thomas Boland,Corporate,United States,Central,Texas,Houston,77041.0
TB-21190,Thomas Brumley,Home Office,United States,South,Arkansas,Fayetteville,72701.0
TB-21250,Tim Brockman,Consumer,United States,East,New York,New York City,10024.0
TB-21280,Toby Braunhardt,Consumer,United States,East,District of Columbia,Washington,20016.0
TB-21355,Todd Boyes,Corporate,United States,East,New York,New York City,10009.0
TB-21400,Tom Boeckenhauer,Consumer,United States,West,Washington,Seattle,98105.0
TB-21520,Tracy Blumstein,Consumer,United States,East,Pennsylvania,Philadelphia,19140.0
TB-21595,Troy Blackwell,Consumer,United States,Central,Indiana,Columbus,47201.0
TB-21625,Trudy Brown,Consumer,United States,Central,Texas,Grand Prairie,75051.0
TC-20980,Tamara Chand,Corporate,United States,West,Washington,Seattle,98105.0
TC-21145,Theresa Coyne,Corporate,United States,East,New Jersey,Lakewood,8701.0
TC-21295,Toby Carlisle,Consumer,United States,West,California,San Diego,92024.0
TC-21475,Tony Chapman,Home Office,United States,South,Georgia,Columbus,31907.0
TC-21535,Tracy Collins,Home Office,United States,South,Virginia,Arlington,22204.0
TD-20995,Tamara Dahlen,Consumer,United States,East,Massachusetts,Lowell,1852.0
TG-21310,Toby Gnade,Consumer,United States,West,California,Los Angeles,90049.0
TG-21640,Trudy Glocke,Consumer,United States,West,California,Long Beach,90805.0
TH-21100,Thea Hendricks,Consumer,United States,West,California,Los Angeles,90045.0
TH-21115,Thea Hudgings,Corporate,United States,East,Pennsylvania,Philadelphia,19140.0
TH-21235,Tiffany House,Corporate,United States,Central,Texas,Dallas,75081.0
TH-21550,Tracy Hopkins,Home Office,United States,East,New York,New York City,10035.0
TM-21010,Tamara Manning,Consumer,United States,West,California,San Francisco,94122.0
TM-21490,Tony Molinari,Consumer,United States,Central,Oklahoma,Oklahoma City,73120.0
TN-21040,Tanja Norvell,Home Office,United States,West,Arizona,Phoenix,85023.0
TP-21130,Theone Pippenger,Consumer,United States,East,Pennsylvania,Philadelphia,19134.0
TP-21415,Tom Prescott,Consumer,United States,West,Washington,Seattle,98115.0
TP-21565,Tracy Poddar,Corporate,United States,West,Colorado,Aurora,80013.0
TR-21325,Toby Ritter,Consumer,United States,East,New Jersey,Belleville,7109.0
TS-21085,Thais Sissman,Consumer,United States,West,Arizona,Phoenix,85023.0
TS-21160,Theresa Swint,Corporate,United States,East,Ohio,Toledo,43615.0
TS-21205,Thomas Seio,Corporate,United States,East,New Jersey,Hackensack,7601.0
TS-21340,Toby Swindell,Consumer,United States,Central,Texas,Houston,77041.0
TS-21370,Todd Sumrall,Corporate,United States,East,New York,New York City,10035.0
TS-21430,Tom Stivers,Corporate,United States,West,California,Los Angeles,90045.0
TS-21505,Tony Sayre,Consumer,United States,South,Tennessee,Columbia,38401.0
TS-21610,Troy Staebel,Consumer,United States,West,Arizona,Phoenix,85023.0
TS-21655,Trudy Schmidt,Consumer,United States,Central,Wisconsin,Milwaukee,53209.0
TT-21070,Ted Trevino,Consumer,United States,West,California,Los Angeles,90045.0
TT-21220,Thomas Thornton,Consumer,United States,Central,Texas,Houston,77041.0
TT-21265,Tim Taslimi,Corporate,United States,West,California,Los Angeles,90045.0
TT-21460,Tonja Turnell,Home Office,United States,Central,Illinois,Aurora,60505.0
TW-21025,Tamara Willingham,Home Office,United States,West,Arizona,Scottsdale,85254.0
TZ-21580,Tracy Zic,Consumer,United States,West,Colorado,Louisville,80027.0
VB-21745,Victoria Brennan,Corporate,United States,South,Georgia,Columbus,31907.0
VD-21670,Valerie Dominguez,Consumer,United States,South,Tennessee,Columbia,38401.0
VF-21715,Vicky Freymann,Home Office,United States,Central,Indiana,Columbus,47201.0
VG-21790,Vivek Gonzalez,Consumer,United States,West,California,San Diego,92037.0
VG-21805,Vivek Grady,Corporate,United States,South,Virginia,Virginia Beach,23464.0
VM-21685,Valerie Mitchum,Home Office,United States,East,New Jersey,Westfield,7090.0
VM-21835,Vivian Mathis,Consumer,United States,East,Delaware,Newark,19711.0
VP-21730,Victor Preis,Home Office,United States,West,Nevada,Las Vegas,89115.0
VP-21760,Victoria Pisteka,Corporate,United States,West,California,San Francisco,94109.0
VS-21820,Vivek Sundaresam,Consumer,United States,West,California,Los Angeles,90036.0
VT-21700,Valerie Takahito,Home Office,United States,East,Pennsylvania,Philadelphia,19143.0
VW-21775,Victoria Wilson,Corporate,United States,East,Ohio,Medina,44256.0
WB-21850,William Brown,Consumer,United States,East,Pennsylvania,Philadelphia,19134.0
XP-21865,Xylona Preis,Consumer,United States,West,California,San Diego,92024.0
YC-21895,Yoseph Carroll,Corporate,United States,West,California,San Francisco,94110.0
YS-21880,Yana Sorensen,Corporate,United States,South,North Carolina,Burlington,27217.0
ZC-21910,Zuschuss Carroll,Consumer,United States,West,Oregon,Salem,97301.0
ZD-21925,Zuschuss Donatelli,Consumer,United States,West,California,San Francisco,94109.0
